Name,Event,Time
vithyea,ENTER,27/04/2026 19:18
vithyea,EXIT,27/04/2026 19:18
vithyea,ENTER,27/04/2026 19:18
vithyea,EXIT,27/04/2026 19:18
vithyea,ENTER,27/04/2026 19:18
vithyea,EXIT,27/04/2026 19:18
vithyea,ENTER,27/04/2026 19:18
vithyea,EXIT,27/04/2026 19:18
vithyea,ENTER,27/04/2026 19:18
vithyea,EXIT,27/04/2026 19:18
vithyea,ENTER,27/04/2026 19:18
vithyea,EXIT,27/04/2026 19:18
vithyea,ENTER,27/04/2026 19:18
vithyea,EXIT,27/04/2026 19:18
vithyea,ENTER,27/04/2026 19:18
vithyea,EXIT,27/04/2026 19:18
vithyea,ENTER,27/04/2026 19:18
vithyea,EXIT,27/04/2026 19:18
vithyea,ENTER,27/04/2026 19:18
vithyea,EXIT,27/04/2026 19:18
vithyea,ENTER,27/04/2026 19:18
vithyea,EXIT,27/04/2026 19:18
pitou,ENTER,27/04/2026 19:18
vithyea,ENTER,27/04/2026 19:18
pitou,EXIT,27/04/2026 19:18
vithyea,EXIT,27/04/2026 19:18
vithyea,ENTER,27/04/2026 19:18
vithyea,EXIT,27/04/2026 19:18
vithyea,ENTER,27/04/2026 19:18
vithyea,EXIT,27/04/2026 19:18
vithyea,ENTER,27/04/2026 19:18
vithyea,EXIT,27/04/2026 19:18
vithyea,ENTER,27/04/2026 19:18
vithyea,EXIT,27/04/2026 19:18
vithyea,ENTER,27/04/2026 19:18
vithyea,EXIT,27/04/2026 19:18
vithyea,ENTER,27/04/2026 19:18
vithyea,EXIT,27/04/2026 19:18
vithyea,ENTER,27/04/2026 19:18
vithyea,EXIT,27/04/2026 19:18
vithyea,ENTER,27/04/2026 19:18
vithyea,EXIT,27/04/2026 19:18
vithyea,ENTER,27/04/2026 19:18
vithyea,EXIT,27/04/2026 19:18
vithyea,ENTER,27/04/2026 19:18
vithyea,EXIT,27/04/2026 19:18
vithyea,ENTER,27/04/2026 19:18
vithyea,EXIT,27/04/2026 19:18
vithyea,ENTER,27/04/2026 19:18
vithyea,EXIT,27/04/2026 19:18
vithyea,ENTER,27/04/2026 19:18
vithyea,EXIT,27/04/2026 19:18
vithyea,ENTER,27/04/2026 19:18
vithyea,EXIT,27/04/2026 19:18
vithyea,ENTER,27/04/2026 19:18
vithyea,EXIT,27/04/2026 19:18
vithyea,ENTER,27/04/2026 19:18
vithyea,EXIT,27/04/2026 19:18
vithyea,ENTER,27/04/2026 19:18
vithyea,EXIT,27/04/2026 19:18
vithyea,ENTER,27/04/2026 19:18
vithyea,EXIT,27/04/2026 19:18
vithyea,ENTER,27/04/2026 19:18
vithyea,EXIT,27/04/2026 19:18
vithyea,ENTER,27/04/2026 19:18
vithyea,EXIT,27/04/2026 19:18
vithyea,ENTER,27/04/2026 19:18
vithyea,EXIT,27/04/2026 19:18
vithyea,ENTER,27/04/2026 19:18
vithyea,EXIT,27/04/2026 19:18
vithyea,ENTER,27/04/2026 19:18
vithyea,EXIT,27/04/2026 19:18
vithyea,ENTER,27/04/2026 19:18
vithyea,EXIT,27/04/2026 19:19
vithyea,ENTER,27/04/2026 19:19
vithyea,EXIT,27/04/2026 19:19
vithyea,ENTER,27/04/2026 19:19
vithyea,EXIT,27/04/2026 19:19
vithyea,ENTER,27/04/2026 19:19
vithyea,EXIT,27/04/2026 19:19
vithyea,ENTER,27/04/2026 19:19
vithyea,EXIT,27/04/2026 19:19
vithyea,ENTER,27/04/2026 19:19
vithyea,EXIT,27/04/2026 19:19
vithyea,ENTER,27/04/2026 19:19
vithyea,EXIT,27/04/2026 19:19
vithyea,ENTER,27/04/2026 19:19
vithyea,EXIT,27/04/2026 19:19
vithyea,ENTER,27/04/2026 19:19
vithyea,EXIT,27/04/2026 19:19
vithyea,ENTER,27/04/2026 19:19
pitou,ENTER,27/04/2026 19:19
vithyea,EXIT,27/04/2026 19:19
vithyea,ENTER,27/04/2026 19:19
pitou,EXIT,27/04/2026 19:19
vithyea,EXIT,27/04/2026 19:19
pitou,ENTER,27/04/2026 19:19
pitou,EXIT,27/04/2026 19:19
pitou,ENTER,27/04/2026 19:19
pitou,EXIT,27/04/2026 19:19
vithyea,ENTER,27/04/2026 19:19
vithyea,EXIT,27/04/2026 19:19
vithyea,ENTER,27/04/2026 19:19
vithyea,EXIT,27/04/2026 19:19
